{"cameraMode":{"drawMode":0,"name":"Shaded","section":"Shading Mode"},"sceneLighting":false,"audioPlay":false,"sceneViewState":{"m_AlwaysRefresh":false,"showFog":true,"showSkybox":false,"showFlares":true,"showImageEffects":true,"showParticleSystems":true,"showVisualEffectGraphs":true,"m_FxEnabled":true},"in2DMode":false,"pivot":{"x":-0.8789852857589722,"y":0.1727270632982254,"z":0.23372916877269746},"rotation":{"x":-0.022946830838918687,"y":0.9751254320144653,"z":-0.18380676209926606,"w":-0.1217365488409996},"size":0.0025849463418126108,"orthographic":false}