{"cameraMode":{"drawMode":0,"name":"Shaded","section":"Shading Mode"},"sceneLighting":true,"audioPlay":false,"sceneViewState":{"m_AlwaysRefresh":false,"showFog":true,"showSkybox":true,"showFlares":true,"showImageEffects":true,"showParticleSystems":true,"showVisualEffectGraphs":true,"m_FxEnabled":true},"in2DMode":false,"pivot":{"x":-1.2230701446533204,"y":0.08198460936546326,"z":-0.09329169988632202},"rotation":{"x":-0.06767573952674866,"y":-0.21176576614379884,"z":0.014700940810143948,"w":-0.9748640656471252},"size":0.3310924470424652,"orthographic":false}